Date,Open,High,Low,Close,Volume
02/01/2019 16:00:00,3522,3551,3502,3522,76819601
03/01/2019 16:00:00,3493,3551,3493,3532,95795849
04/01/2019 16:00:00,3532,3571,3522,3571,117322423
07/01/2019 16:00:00,3610,3619,3571,3571,76507998
08/01/2019 16:00:00,3571,3590,3541,3590,83396900
09/01/2019 16:00:00,3619,3649,3600,3629,122376451
10/01/2019 16:00:00,3649,3658,3619,3658,145476617
11/01/2019 16:00:00,3668,3678,3610,3639,110559084
14/01/2019 16:00:00,3639,3698,3639,3698,117945534
15/01/2019 16:00:00,3678,3698,3649,3688,144383330
16/01/2019 16:00:00,3698,3707,3668,3688,106368124
17/01/2019 16:00:00,3698,3746,3688,3717,122857277
18/01/2019 16:00:00,3756,3756,3698,3727,98500135
21/01/2019 16:00:00,3707,3737,3707,3707,82950091
22/01/2019 16:00:00,3678,3698,3649,3678,122681184
23/01/2019 16:00:00,3668,3717,3639,3678,167546863
24/01/2019 16:00:00,3658,3717,3658,3698,180572711
25/01/2019 16:00:00,3727,3727,3688,3688,130321308
28/01/2019 16:00:00,3658,3698,3658,3688,95921718
29/01/2019 16:00:00,3688,3727,3561,3600,192306019
30/01/2019 16:00:00,3610,3668,3610,3658,148367870
31/01/2019 16:00:00,3707,3776,3707,3756,258762647
01/02/2019 16:00:00,3785,3834,3776,3824,143610183
04/02/2019 16:00:00,3854,3854,3795,3805,77855375
06/02/2019 16:00:00,3824,3844,3815,3824,80026662
07/02/2019 16:00:00,3834,3834,3795,3834,85012727
08/02/2019 16:00:00,3766,3815,3756,3795,80435738
11/02/2019 16:00:00,3795,3824,3766,3776,56977939
12/02/2019 16:00:00,3805,3805,3727,3756,97336537
13/02/2019 16:00:00,3795,3795,3688,3698,110886887
14/02/2019 16:00:00,3727,3756,3658,3707,122532348
15/02/2019 16:00:00,3746,3746,3658,3678,89932678
18/02/2019 16:00:00,3698,3766,3698,3746,96005047
19/02/2019 16:00:00,3805,3902,3785,3815,143446277
20/02/2019 16:00:00,3815,3844,3766,3795,127169597
21/02/2019 16:00:00,3737,3844,3737,3815,117405752
22/02/2019 16:00:00,3766,3815,3766,3805,83744067
25/02/2019 16:00:00,3844,3873,3805,3863,109399995
26/02/2019 16:00:00,3863,3873,3815,3844,62954985
27/02/2019 16:00:00,3815,3824,3756,3776,90264670
28/02/2019 16:00:00,3756,3776,3746,3756,109155851
01/03/2019 16:00:00,3776,3795,3766,3776,73218534
04/03/2019 16:00:00,3805,3824,3785,3785,58453234
05/03/2019 16:00:00,3805,3805,3766,3766,72381909
06/03/2019 16:00:00,3795,3824,3766,3805,57922074
08/03/2019 16:00:00,3727,3785,3717,3756,133030830
11/03/2019 16:00:00,3805,3805,3737,3756,71418807
12/03/2019 16:00:00,3785,3795,3717,3737,81456441
13/03/2019 16:00:00,3707,3717,3688,3707,86180111
14/03/2019 16:00:00,3688,3776,3688,3776,141701900
15/03/2019 16:00:00,3805,3883,3795,3883,206348149
18/03/2019 16:00:00,3893,3941,3883,3941,121366606
19/03/2019 16:00:00,3941,3951,3873,3893,98182268
20/03/2019 16:00:00,3863,3912,3863,3883,124336777
21/03/2019 16:00:00,3912,3941,3873,3883,145663585
22/03/2019 16:00:00,3932,3971,3902,3961,125895932
25/03/2019 16:00:00,3932,3941,3893,3902,123027733
26/03/2019 16:00:00,3951,3980,3912,3961,105064412
27/03/2019 16:00:00,3980,3980,3941,3941,87709012
28/03/2019 16:00:00,3971,4000,3932,4000,87405512
29/03/2019 16:00:00,3951,4039,3951,4019,134440621
01/04/2019 16:00:00,4039,4058,4029,4039,85943221
02/04/2019 16:00:00,4068,4068,4029,4049,65548469
04/04/2019 16:00:00,4078,4176,4039,4117,83650791
05/04/2019 16:00:00,4156,4185,4146,4156,70469453
08/04/2019 16:00:00,4185,4185,4107,4185,102170389
09/04/2019 16:00:00,4176,4244,4156,4205,108377346
10/04/2019 16:00:00,4195,4215,4156,4215,133969524
11/04/2019 16:00:00,4195,4215,4176,4195,203364149
12/04/2019 16:00:00,4195,4215,4176,4205,123472084
15/04/2019 16:00:00,4244,4254,4205,4244,65765154
16/04/2019 16:00:00,4224,4254,4215,4234,93109694
18/04/2019 16:00:00,4341,4615,4273,4351,186588008
22/04/2019 16:00:00,4351,4351,4302,4332,104513781
23/04/2019 16:00:00,4302,4341,4302,4322,56212459
24/04/2019 16:00:00,4302,4322,4293,4293,177132355
25/04/2019 16:00:00,4273,4283,4156,4224,189076928
26/04/2019 16:00:00,4137,4254,4107,4224,136197395
29/04/2019 16:00:00,4185,4244,4176,4234,78840515
30/04/2019 16:00:00,4283,4302,4234,4263,131000586
02/05/2019 16:00:00,4312,4312,4234,4263,130075713
03/05/2019 16:00:00,4224,4293,4205,4273,112223503
06/05/2019 16:00:00,4195,4195,4088,4127,146586705
07/05/2019 16:00:00,4107,4176,4107,4146,115610141
08/05/2019 16:00:00,4146,4146,4078,4117,123157701
09/05/2019 16:00:00,4039,4058,4019,4019,167425399
10/05/2019 16:00:00,4000,4058,3990,4019,123291369
13/05/2019 16:00:00,4029,4039,4000,4000,73674969
14/05/2019 16:00:00,3902,3990,3873,3951,117968996
15/05/2019 16:00:00,3951,3961,3795,3795,171581405
16/05/2019 16:00:00,3844,3893,3727,3766,147698842
17/05/2019 16:00:00,3815,3815,3678,3698,159080796
20/05/2019 16:00:00,3707,3756,3571,3658,169409629
21/05/2019 16:00:00,3707,3746,3619,3658,211698214
22/05/2019 16:00:00,3619,3737,3619,3678,121601021
23/05/2019 16:00:00,3727,3795,3707,3756,214459996
24/05/2019 16:00:00,3688,3834,3678,3756,154160115
27/05/2019 16:00:00,3805,3873,3766,3824,126669295
28/05/2019 16:00:00,3834,3854,3717,3717,386041704
29/05/2019 16:00:00,3795,3854,3766,3844,143207658
31/05/2019 16:00:00,3893,4019,3883,4000,267634828
10/06/2019 16:00:00,4117,4166,4098,4127,201666217
11/06/2019 16:00:00,4146,4146,4049,4127,119179022
12/06/2019 16:00:00,4068,4107,4068,4107,95227777
13/06/2019 16:00:00,4146,4146,4078,4098,119747696
14/06/2019 16:00:00,4068,4137,4068,4127,74107108
17/06/2019 16:00:00,4146,4146,4098,4098,56574084
18/06/2019 16:00:00,4078,4156,4078,4156,162302599
19/06/2019 16:00:00,4215,4234,4176,4185,171403068
20/06/2019 16:00:00,4224,4224,4176,4205,110409840
21/06/2019 16:00:00,4185,4254,4156,4254,174447865
24/06/2019 16:00:00,4205,4244,4185,4205,84634802
25/06/2019 16:00:00,4244,4244,4185,4224,60943092
26/06/2019 16:00:00,4224,4263,4215,4254,105422654
27/06/2019 16:00:00,4273,4283,4244,4273,83791218
28/06/2019 16:00:00,4263,4293,4244,4254,105146413
01/07/2019 16:00:00,4293,4312,4273,4312,107467240
02/07/2019 16:00:00,4312,4312,4254,4302,137802756
03/07/2019 16:00:00,4283,4312,4254,4293,76232069
04/07/2019 16:00:00,4254,4293,4254,4283,39655546
05/07/2019 16:00:00,4312,4312,4273,4293,55116104
08/07/2019 16:00:00,4273,4302,4263,4293,47389567
09/07/2019 16:00:00,4263,4302,4263,4302,66337011
10/07/2019 16:00:00,4302,4371,4293,4361,83003079
11/07/2019 16:00:00,4380,4429,4371,4400,93702967
12/07/2019 16:00:00,4400,4429,4380,4400,66190534
15/07/2019 16:00:00,4429,4449,4410,4419,70679469
16/07/2019 16:00:00,4390,4439,4390,4439,86590315
17/07/2019 16:00:00,4410,4439,4390,4410,66936742
18/07/2019 16:00:00,4390,4400,4332,4341,78954804
19/07/2019 16:00:00,4341,4380,4332,4371,65944228
22/07/2019 16:00:00,4390,4400,4351,4390,42993496
23/07/2019 16:00:00,4390,4390,4361,4380,44400738
24/07/2019 16:00:00,4410,4410,4332,4341,54380047
25/07/2019 16:00:00,4361,4371,4341,4351,61914803
26/07/2019 16:00:00,4302,4361,4293,4332,79316946
29/07/2019 16:00:00,4371,4371,4332,4351,94174993
30/07/2019 16:00:00,4390,4390,4351,4390,70475492
31/07/2019 16:00:00,4390,4400,4341,4371,108481698
01/08/2019 16:00:00,4380,4400,4302,4341,147218929
02/08/2019 16:00:00,4293,4361,4283,4341,122327442
05/08/2019 16:00:00,4302,4312,4166,4166,154609887
06/08/2019 16:00:00,4000,4107,3922,4000,253830596
07/08/2019 16:00:00,4039,4185,4039,4146,150652525
08/08/2019 16:00:00,4146,4215,4146,4185,95670990
09/08/2019 16:00:00,4224,4244,4195,4224,84534039
12/08/2019 16:00:00,4273,4273,4185,4195,52334223
13/08/2019 16:00:00,4224,4224,4146,4176,82137874
14/08/2019 16:00:00,4224,4244,4205,4224,95606118
15/08/2019 16:00:00,4107,4176,4078,4146,118115373
16/08/2019 16:00:00,4146,4156,4098,4107,95948159
19/08/2019 16:00:00,4029,4117,4029,4078,61878927
20/08/2019 16:00:00,4078,4098,3990,4000,105185876
21/08/2019 16:00:00,4000,4068,3941,3951,86497039
22/08/2019 16:00:00,3961,4039,3902,3971,127182826
23/08/2019 16:00:00,3932,4000,3922,3980,59693498
26/08/2019 16:00:00,3922,3971,3902,3971,66408454
27/08/2019 16:00:00,4029,4107,3980,4098,182658914
28/08/2019 16:00:00,4117,4137,4088,4088,102457295
29/08/2019 16:00:00,4117,4117,4058,4098,69728571
30/08/2019 16:00:00,4088,4166,4019,4166,111724314
02/09/2019 16:00:00,4166,4176,4107,4117,70185517
03/09/2019 16:00:00,4078,4166,4029,4049,78060689
04/09/2019 16:00:00,4078,4078,4000,4058,78604042
05/09/2019 16:00:00,4117,4127,4078,4117,79060789
06/09/2019 16:00:00,4156,4185,4146,4166,117287164
09/09/2019 16:00:00,4185,4185,4068,4068,70026648
10/09/2019 16:00:00,4078,4088,4049,4088,71019981
11/09/2019 16:00:00,4049,4156,4049,4146,117167237
12/09/2019 16:00:00,4195,4244,4166,4176,89279946
13/09/2019 16:00:00,4215,4215,4176,4205,57495774
16/09/2019 16:00:00,4185,4185,4000,4088,135933551
17/09/2019 16:00:00,4058,4146,4029,4146,109804988
18/09/2019 16:00:00,4137,4156,4107,4137,78317856
19/09/2019 16:00:00,4098,4127,4098,4117,94411867
20/09/2019 16:00:00,4098,4117,4029,4058,222944321
23/09/2019 16:00:00,4058,4098,4058,4078,87023800
24/09/2019 16:00:00,4058,4058,4010,4010,97454214
25/09/2019 16:00:00,3971,4019,3922,3980,85235146
26/09/2019 16:00:00,4010,4107,4000,4107,82124749
27/09/2019 16:00:00,4107,4107,4058,4078,59108729
30/09/2019 16:00:00,4098,4098,4010,4019,78255034
01/10/2019 16:00:00,4019,4029,3971,3971,81540596
02/10/2019 16:00:00,3951,3990,3824,3834,170506792
03/10/2019 16:00:00,3776,3795,3717,3717,182068203
04/10/2019 16:00:00,3785,3863,3766,3854,96197133
07/10/2019 16:00:00,3873,3893,3766,3805,129874811
08/10/2019 16:00:00,3863,3863,3795,3834,122792293
09/10/2019 16:00:00,3854,3893,3824,3863,120779266
10/10/2019 16:00:00,3873,3893,3785,3795,110554784
11/10/2019 16:00:00,3854,3863,3815,3824,104762956
14/10/2019 16:00:00,3854,3883,3815,3824,112528643
15/10/2019 16:00:00,3873,3873,3795,3844,131294660
16/10/2019 16:00:00,3863,3893,3844,3893,84061204
17/10/2019 16:00:00,3902,3951,3893,3951,107161891
18/10/2019 16:00:00,3951,4088,3951,4068,106204938
21/10/2019 16:00:00,4068,4088,4010,4019,83150273
22/10/2019 16:00:00,3980,4039,3971,4039,84652018
23/10/2019 16:00:00,4049,4078,3980,4078,130353699
24/10/2019 16:00:00,4078,4195,4078,4195,160949584
25/10/2019 16:00:00,4195,4215,4117,4127,115105323
28/10/2019 16:00:00,4127,4156,4117,4127,39311863
29/10/2019 16:00:00,4137,4146,4078,4127,84557406
30/10/2019 16:00:00,4156,4156,4088,4146,48628602
31/10/2019 16:00:00,4107,4137,4058,4107,77476737
01/11/2019 16:00:00,4117,4117,4049,4078,64864169
04/11/2019 16:00:00,4078,4107,4049,4058,51529589
05/11/2019 16:00:00,4088,4195,4068,4195,135860166
06/11/2019 16:00:00,4224,4224,4058,4058,135814457
07/11/2019 16:00:00,4058,4058,3863,3902,299635082
08/11/2019 16:00:00,3912,3932,3883,3893,137985112
11/11/2019 16:00:00,3854,3902,3854,3902,116932822
12/11/2019 16:00:00,3902,3932,3883,3902,112520756
13/11/2019 16:00:00,3902,3912,3824,3863,153842458
14/11/2019 16:00:00,3854,3873,3805,3844,121019023
15/11/2019 16:00:00,3902,4000,3863,3990,125058898
18/11/2019 16:00:00,3990,4039,3951,4019,95477279
19/11/2019 16:00:00,4049,4088,3980,4088,144712375
20/11/2019 16:00:00,4068,4156,4049,4117,158680416
21/11/2019 16:00:00,4098,4127,4039,4117,117047815
22/11/2019 16:00:00,4127,4146,4058,4107,76564677
25/11/2019 16:00:00,4049,4078,4019,4029,58009304
26/11/2019 16:00:00,4049,4078,4000,4049,227631395
27/11/2019 16:00:00,4000,4107,4000,4068,67939204
28/11/2019 16:00:00,4029,4068,3951,3951,63263718
29/11/2019 16:00:00,3961,4019,3912,3990,65804926
02/12/2019 16:00:00,4049,4107,4019,4107,56782465
03/12/2019 16:00:00,4107,4117,4058,4068,44811150
04/12/2019 16:00:00,4098,4098,4019,4029,51887318
05/12/2019 16:00:00,4098,4127,4068,4117,74604543
06/12/2019 16:00:00,4146,4146,4068,4068,68883449
09/12/2019 16:00:00,4088,4107,4049,4078,49035532
10/12/2019 16:00:00,4039,4078,4029,4068,82012510
11/12/2019 16:00:00,4088,4107,4058,4107,64537399
12/12/2019 16:00:00,4127,4166,4107,4146,128691235
13/12/2019 16:00:00,4176,4185,4137,4176,171808973
16/12/2019 16:00:00,4195,4244,4185,4224,183431468
17/12/2019 16:00:00,4254,4254,4195,4244,144574703
18/12/2019 16:00:00,4273,4293,4244,4293,162306187
19/12/2019 16:00:00,4244,4263,4215,4244,96369135
20/12/2019 16:00:00,4244,4263,4215,4254,160121070
23/12/2019 16:00:00,4341,4361,4254,4341,126360054
26/12/2019 16:00:00,4312,4341,4293,4302,51490434
27/12/2019 16:00:00,4273,4332,4273,4322,57878202
30/12/2019 16:00:00,4341,4341,4254,4293,68101981
02/01/2020 16:00:00,4293,4302,4254,4302,42757440
03/01/2020 16:00:00,4312,4332,4283,4312,84971727
06/01/2020 16:00:00,4254,4283,4215,4263,45331244
07/01/2020 16:00:00,4302,4302,4273,4293,106548005
08/01/2020 16:00:00,4273,4293,4234,4273,176046980
09/01/2020 16:00:00,4293,4312,4263,4293,73874638
10/01/2020 16:00:00,4322,4322,4283,4302,127930884
13/01/2020 16:00:00,4322,4400,4312,4400,114136478
14/01/2020 16:00:00,4429,4488,4410,4458,162376400
15/01/2020 16:00:00,4458,4468,4419,4468,105132063
16/01/2020 16:00:00,4458,4478,4400,4458,137337304
17/01/2020 16:00:00,4507,4527,4488,4517,124206305
20/01/2020 16:00:00,4576,4576,4517,4546,83884397
21/01/2020 16:00:00,4556,4566,4527,4556,75686451
22/01/2020 16:00:00,4566,4595,4556,4595,84430712
23/01/2020 16:00:00,4605,4644,4576,4624,143359359
24/01/2020 16:00:00,4615,4634,4566,4624,98418949
27/01/2020 16:00:00,4585,4585,4527,4537,96048307
28/01/2020 16:00:00,4468,4527,4458,4507,97780576
29/01/2020 16:00:00,4507,4546,4488,4507,199745873
30/01/2020 16:00:00,4585,4585,4468,4468,89920483
31/01/2020 16:00:00,4458,4468,4351,4351,140483481
03/02/2020 16:00:00,4351,4380,4341,4351,134875739
04/02/2020 16:00:00,4576,4576,4410,4449,115188140
05/02/2020 16:00:00,4458,4468,4400,4449,93550041
06/02/2020 16:00:00,4478,4478,4419,4439,97227999
07/02/2020 16:00:00,4468,4468,4429,4439,136370109
10/02/2020 16:00:00,4390,4419,4293,4390,175164846
11/02/2020 16:00:00,4429,4429,4371,4400,87279837
12/02/2020 16:00:00,4410,4449,4410,4419,133405671
13/02/2020 16:00:00,4468,4478,4429,4458,81704398
14/02/2020 16:00:00,4419,4478,4419,4439,130181497
17/02/2020 16:00:00,4371,4429,4361,4361,122755296
18/02/2020 16:00:00,4361,4390,4293,4293,90912886
19/02/2020 16:00:00,4351,4371,4341,4371,103332143
20/02/2020 16:00:00,4410,4468,4400,4449,100636050
21/02/2020 16:00:00,4449,4449,4400,4400,109635964
24/02/2020 16:00:00,4429,4429,4361,4380,105481897
25/02/2020 16:00:00,4351,4439,4351,4390,116779167
26/02/2020 16:00:00,4390,4400,4361,4371,152929269
27/02/2020 16:00:00,4273,4273,4019,4029,212338750
28/02/2020 16:00:00,3893,4088,3815,4088,196764002
02/03/2020 16:00:00,4088,4098,3883,3883,192352865
03/03/2020 16:00:00,3951,4078,3902,4000,203376048
04/03/2020 16:00:00,4039,4137,4029,4117,119214185
05/03/2020 16:00:00,4185,4195,4029,4049,136929461
06/03/2020 16:00:00,3941,3951,3902,3912,163378557
09/03/2020 16:00:00,3805,3854,3658,3658,152756153
10/03/2020 16:00:00,3688,3932,3688,3815,170126817
11/03/2020 16:00:00,3854,3932,3785,3815,181959968
12/03/2020 16:00:00,3727,3746,3512,3522,155740891
13/03/2020 16:00:00,3522,3678,3278,3629,275561050
16/03/2020 16:00:00,3658,3658,3376,3415,182883087
17/03/2020 16:00:00,3415,3483,3180,3180,213785249
18/03/2020 16:00:00,3190,3356,3015,3063,254309677
19/03/2020 16:00:00,3054,3063,2859,2859,141397167
20/03/2020 16:00:00,2859,2898,2663,2741,613329030
23/03/2020 16:00:00,2585,2634,2556,2556,168516636
24/03/2020 16:00:00,2517,2683,2380,2380,507513269
26/03/2020 16:00:00,2439,2927,2439,2868,650460333
27/03/2020 16:00:00,2927,3580,2927,3151,492959353
30/03/2020 16:00:00,3073,3073,2937,2937,222949462
31/03/2020 16:00:00,3024,3122,2898,2946,322875171
01/04/2020 16:00:00,2937,3005,2829,2859,278540375
02/04/2020 16:00:00,2780,2829,2732,2800,307382952
03/04/2020 16:00:00,2859,2878,2761,2819,300478986
06/04/2020 16:00:00,2878,2956,2839,2946,292230718
07/04/2020 16:00:00,3024,3161,2878,2956,415528630
08/04/2020 16:00:00,2927,2966,2751,2751,300273664
09/04/2020 16:00:00,2790,2839,2683,2722,272434765
13/04/2020 16:00:00,2722,2771,2634,2702,126826122
14/04/2020 16:00:00,2722,2829,2702,2829,225229905
15/04/2020 16:00:00,2829,2917,2663,2693,327076181
16/04/2020 16:00:00,2702,2702,2517,2546,376946807
17/04/2020 16:00:00,2605,2771,2595,2761,412388314
20/04/2020 16:00:00,2810,2829,2693,2712,227561293
21/04/2020 16:00:00,2683,2722,2624,2654,136196674
22/04/2020 16:00:00,2634,2761,2585,2722,184033967
23/04/2020 16:00:00,2761,2810,2722,2732,221577484
24/04/2020 16:00:00,2732,2732,2566,2566,301057477
27/04/2020 16:00:00,2615,2634,2546,2595,187175739
28/04/2020 16:00:00,2615,2624,2507,2527,275006615
29/04/2020 16:00:00,2537,2556,2498,2517,214367248
30/04/2020 16:00:00,2556,2673,2546,2663,442880776
04/05/2020 16:00:00,2605,2615,2537,2566,205626446
05/05/2020 16:00:00,2566,2615,2546,2566,189382686
06/05/2020 16:00:00,2566,2585,2537,2556,177381225
08/05/2020 16:00:00,2576,2595,2517,2527,210911405
11/05/2020 16:00:00,2566,2576,2537,2556,158465981
12/05/2020 16:00:00,2556,2566,2410,2429,377893823
13/05/2020 16:00:00,2400,2459,2380,2410,347060929
14/05/2020 16:00:00,2380,2419,2273,2293,482027220
15/05/2020 16:00:00,2322,2341,2156,2185,609531682
18/05/2020 16:00:00,2195,2215,2107,2117,466854453
19/05/2020 16:00:00,2195,2361,2195,2312,544598990
20/05/2020 16:00:00,2302,2439,2263,2419,404260388
26/05/2020 16:00:00,2488,2488,2410,2459,414204410
27/05/2020 16:00:00,2478,2566,2459,2566,443638356
28/05/2020 16:00:00,2576,2712,2576,2663,464731333
29/05/2020 16:00:00,2634,2878,2634,2878,894432638
02/06/2020 16:00:00,2878,3210,2878,3102,479152766
03/06/2020 16:00:00,3122,3200,2937,3024,449056568
04/06/2020 16:00:00,3044,3122,2956,2985,256399691
05/06/2020 16:00:00,2995,3054,2888,3034,274081350
08/06/2020 16:00:00,3102,3288,3093,3219,393944864
09/06/2020 16:00:00,3268,3278,3132,3132,260862800
10/06/2020 16:00:00,3102,3102,2927,2956,454317215
11/06/2020 16:00:00,3054,3054,2829,2898,381660548
12/06/2020 16:00:00,2829,2966,2732,2956,483937073
15/06/2020 16:00:00,2966,2976,2819,2829,236538553
16/06/2020 16:00:00,2898,3073,2888,3054,347152955
17/06/2020 16:00:00,3122,3122,3005,3024,223637853
18/06/2020 16:00:00,2976,3044,2966,2976,134217690
19/06/2020 16:00:00,3005,3034,2985,3024,171107241
22/06/2020 16:00:00,3024,3034,2956,2985,97762534
23/06/2020 16:00:00,2946,2985,2907,2937,175709030
24/06/2020 16:00:00,2976,3063,2937,3044,316199974
25/06/2020 16:00:00,3024,3034,2966,2985,162166369
26/06/2020 16:00:00,3024,3044,2946,2956,150990571
29/06/2020 16:00:00,2966,2985,2907,2966,121781535
30/06/2020 16:00:00,2995,3034,2956,2956,137366629
01/07/2020 16:00:00,2966,2995,2956,2985,103824148
02/07/2020 16:00:00,3015,3015,2966,2985,173723695
03/07/2020 16:00:00,2985,3015,2966,2976,50710197
06/07/2020 16:00:00,2995,3024,2956,2966,138046211
07/07/2020 16:00:00,2995,3005,2956,2956,212558406
08/07/2020 16:00:00,2966,3122,2956,3112,348163232
09/07/2020 16:00:00,3112,3151,3063,3063,196989089
10/07/2020 16:00:00,3054,3073,3024,3034,109795354
13/07/2020 16:00:00,3054,3102,2976,3083,98261402
14/07/2020 16:00:00,3083,3171,3054,3093,216521101
15/07/2020 16:00:00,3122,3161,3054,3054,169866160
16/07/2020 16:00:00,3054,3083,3054,3063,120025995
17/07/2020 16:00:00,3063,3073,3024,3024,122578778
20/07/2020 16:00:00,3024,3054,2956,2976,139964008
21/07/2020 16:00:00,2976,3102,2976,3073,209263282
22/07/2020 16:00:00,3083,3093,3015,3024,177898455
23/07/2020 16:00:00,3044,3083,3024,3063,151555865
24/07/2020 16:00:00,3054,3063,3015,3015,97176845
27/07/2020 16:00:00,3015,3073,3015,3073,96880920
28/07/2020 16:00:00,3083,3093,3024,3063,106006495
29/07/2020 16:00:00,3063,3073,3024,3044,68856902
30/07/2020 16:00:00,3054,3093,3034,3083,80441583
03/08/2020 16:00:00,3093,3102,2898,2917,347765881
04/08/2020 16:00:00,2927,3005,2927,3005,160197017
05/08/2020 16:00:00,3024,3034,2966,3005,165535278
06/08/2020 16:00:00,3024,3054,3015,3034,117468791
07/08/2020 16:00:00,3034,3054,2985,3034,92166275
10/08/2020 16:00:00,3034,3073,3024,3054,93752897
11/08/2020 16:00:00,3054,3141,3054,3112,176772592
12/08/2020 16:00:00,3112,3288,3112,3268,470910008
13/08/2020 16:00:00,3268,3366,3219,3249,219580649
14/08/2020 16:00:00,3249,3268,3200,3258,101632161
18/08/2020 16:00:00,3258,3444,3258,3434,268554054
19/08/2020 16:00:00,3434,3551,3434,3473,222973838
24/08/2020 16:00:00,3444,3561,3434,3551,199848871
25/08/2020 16:00:00,3580,3707,3551,3707,183784585
26/08/2020 16:00:00,3707,3727,3610,3649,166013750
27/08/2020 16:00:00,3649,3688,3571,3610,192686699
28/08/2020 16:00:00,3619,3649,3561,3600,79836314
31/08/2020 16:00:00,3610,3649,3415,3424,272696559
01/09/2020 16:00:00,3463,3541,3395,3522,201885569
02/09/2020 16:00:00,3532,3571,3502,3571,109598960
03/09/2020 16:00:00,3571,3600,3463,3493,184104804
04/09/2020 16:00:00,3522,3522,3395,3463,137921160
07/09/2020 16:00:00,3463,3483,3415,3424,97185661
08/09/2020 16:00:00,3424,3483,3424,3434,83417400
09/09/2020 16:00:00,3395,3405,3298,3327,182898462
10/09/2020 16:00:00,3219,3219,3102,3102,284797334
11/09/2020 16:00:00,2946,3229,2937,3171,598091848
14/09/2020 16:00:00,3219,3366,3219,3356,282789144
15/09/2020 16:00:00,3356,3376,3229,3249,200421660
16/09/2020 16:00:00,3288,3307,3161,3180,141994140
17/09/2020 16:00:00,3190,3229,3093,3122,171803624
18/09/2020 16:00:00,3122,3190,3112,3141,207954871
21/09/2020 16:00:00,3122,3171,3073,3112,117024344
22/09/2020 16:00:00,3034,3112,3024,3054,137951702
23/09/2020 16:00:00,3093,3102,2976,3005,123624506
24/09/2020 16:00:00,2956,3005,2937,2956,168256988
25/09/2020 16:00:00,2985,3102,2966,3083,173655516
28/09/2020 16:00:00,3102,3151,3005,3015,138854017
29/09/2020 16:00:00,3044,3083,2946,2966,187266661
30/09/2020 16:00:00,2985,3005,2927,2966,172033547
01/10/2020 16:00:00,3015,3093,2985,3083,133283287
02/10/2020 16:00:00,3102,3132,2985,3024,160992010
05/10/2020 16:00:00,3083,3093,3034,3083,95042049
06/10/2020 16:00:00,3141,3161,3102,3112,123838622
07/10/2020 16:00:00,3083,3093,3005,3044,295961953
08/10/2020 16:00:00,3073,3093,3034,3073,127023541
09/10/2020 16:00:00,3073,3093,3044,3073,83156526
12/10/2020 16:00:00,3083,3132,3073,3112,160434515
13/10/2020 16:00:00,3112,3219,3073,3200,209551535
14/10/2020 16:00:00,3219,3298,3210,3278,198728950
15/10/2020 16:00:00,3278,3298,3229,3229,187879298
16/10/2020 16:00:00,3258,3278,3132,3171,143956317
19/10/2020 16:00:00,3180,3210,3151,3200,98605398
20/10/2020 16:00:00,3200,3210,3132,3171,137390813
21/10/2020 16:00:00,3200,3229,3151,3161,119907702
22/10/2020 16:00:00,3141,3219,3122,3219,164141886
23/10/2020 16:00:00,3268,3268,3190,3210,120179018
26/10/2020 16:00:00,3219,3278,3210,3258,103754231
27/10/2020 16:00:00,3258,3317,3249,3278,187890877
02/11/2020 16:00:00,3278,3307,3219,3298,160705423
03/11/2020 16:00:00,3307,3317,3278,3298,124493909
04/11/2020 16:00:00,3337,3337,3210,3210,141687454
05/11/2020 16:00:00,3288,3405,3278,3405,240665154
06/11/2020 16:00:00,3424,3512,3385,3473,275490132
09/11/2020 16:00:00,3590,3600,3493,3600,263894769
10/11/2020 16:00:00,3707,3912,3678,3902,579707752
11/11/2020 16:00:00,3873,4088,3854,4019,366029569
12/11/2020 16:00:00,4000,4000,3824,3854,341633812
13/11/2020 16:00:00,3873,3980,3863,3902,243311110
16/11/2020 16:00:00,3951,3971,3834,3863,197849890
17/11/2020 16:00:00,3902,3922,3834,3863,185374489
18/11/2020 16:00:00,3883,3951,3873,3941,187225853
19/11/2020 16:00:00,3912,4029,3883,3941,204695639
20/11/2020 16:00:00,3941,3980,3893,3922,127906484
23/11/2020 16:00:00,3912,4000,3912,3980,126600107
24/11/2020 16:00:00,4019,4127,3980,4098,211320913
25/11/2020 16:00:00,4215,4283,4146,4215,290424519
26/11/2020 16:00:00,4117,4215,4117,4185,139940834
27/11/2020 16:00:00,4224,4263,4166,4166,117815653
30/11/2020 16:00:00,4146,4176,3893,3990,460024480
01/12/2020 16:00:00,4029,4156,3971,4137,234125580
02/12/2020 16:00:00,4215,4234,4146,4195,139758701
03/12/2020 16:00:00,4244,4293,4195,4293,203962451
04/12/2020 16:00:00,4293,4293,4166,4195,154140944
07/12/2020 16:00:00,4244,4312,4244,4293,144372471
08/12/2020 16:00:00,4293,4293,4234,4293,83304745
10/12/2020 16:00:00,4341,4341,4224,4224,198473610
11/12/2020 16:00:00,4293,4293,4156,4176,178810091
14/12/2020 16:00:00,4195,4205,4166,4176,130571314
15/12/2020 16:00:00,4176,4185,4137,4176,137056355
16/12/2020 16:00:00,4234,4244,4195,4215,133297429
17/12/2020 16:00:00,4254,4254,4205,4224,145271935
18/12/2020 16:00:00,4166,4195,4166,4176,212598382
21/12/2020 16:00:00,4224,4234,4107,4107,224445659
22/12/2020 16:00:00,4137,4176,4019,4029,175773094
23/12/2020 16:00:00,4049,4078,3854,4058,174412792
28/12/2020 16:00:00,4146,4156,4058,4146,88270926
29/12/2020 16:00:00,4146,4176,4068,4078,77084567
30/12/2020 16:00:00,4088,4107,4029,4068,92272467
04/01/2021 15:00:00,4049,4215,4049,4205,98983531
05/01/2021 15:00:00,4195,4195,4137,4166,99671210
06/01/2021 15:00:00,4176,4195,4058,4098,119551206
07/01/2021 16:00:00,4156,4185,4107,4176,132129532
08/01/2021 16:00:00,4224,4283,4195,4283,191032330
11/01/2021 15:00:00,4312,4546,4302,4537,393311823
12/01/2021 15:00:00,4566,4654,4556,4605,242635114
13/01/2021 15:00:00,4654,4722,4634,4673,215417884
14/01/2021 15:00:00,4702,4712,4605,4654,136958562
15/01/2021 15:00:00,4654,4654,4439,4468,209834742
18/01/2021 15:00:00,4468,4537,4429,4507,170119850
19/01/2021 15:00:00,4585,4585,4498,4507,142036374
20/01/2021 15:00:00,4556,4800,4537,4771,258786223
21/01/2021 15:00:00,4800,4829,4654,4673,165187494
22/01/2021 15:00:00,4741,4741,4566,4605,170831208
25/01/2021 15:00:00,4673,4673,4498,4663,154008814
26/01/2021 15:00:00,4663,4673,4507,4537,152678044
27/01/2021 15:00:00,4537,4605,4390,4507,185144054
28/01/2021 15:00:00,4468,4537,4312,4361,164250954
29/01/2021 15:00:00,4458,4498,4078,4078,287209699
01/02/2021 15:00:00,4078,4332,3863,4293,330899474
02/02/2021 15:00:00,4380,4380,4156,4254,156104546
03/02/2021 15:00:00,4371,4371,4254,4273,115769530
04/02/2021 15:00:00,4341,4468,4263,4380,151438181
05/02/2021 15:00:00,4429,4429,4312,4361,92254226
08/02/2021 15:00:00,4419,4419,4341,4351,112021567
09/02/2021 15:00:00,4390,4654,4390,4507,432702892
10/02/2021 15:00:00,4517,4595,4488,4537,188371400
11/02/2021 15:00:00,4585,4595,4517,4566,92884912
15/02/2021 15:00:00,4595,4663,4585,4595,86805977
16/02/2021 15:00:00,4624,4624,4546,4556,66739841
17/02/2021 15:00:00,4595,4615,4507,4517,94606523
18/02/2021 15:00:00,4585,4654,4537,4556,141718732
19/02/2021 15:00:00,4488,4673,4488,4673,102391895
22/02/2021 15:00:00,4732,4751,4644,4673,146871962
23/02/2021 16:00:00,4693,4712,4624,4673,100459436
24/02/2021 15:00:00,4673,4702,4595,4615,98382666
25/02/2021 15:00:00,4654,4654,4556,4615,122659546
26/02/2021 15:00:00,4615,4634,4585,4595,150763947
01/03/2021 15:00:00,4683,4712,4605,4712,118359222
02/03/2021 15:00:00,4751,4761,4683,4683,70068362
03/03/2021 15:00:00,4683,4732,4624,4732,79228986
04/03/2021 15:00:00,4732,4732,4615,4644,109858079
05/03/2021 15:00:00,4624,4654,4585,4654,66334245
08/03/2021 16:00:00,4683,4702,4615,4615,65150147
09/03/2021 15:00:00,4634,4634,4449,4468,154240274
10/03/2021 15:00:00,4537,4546,4478,4517,72127810
12/03/2021 15:00:00,4576,4576,4429,4468,141971077
15/03/2021 15:00:00,4468,4517,4449,4458,88972339
16/03/2021 15:00:00,4546,4654,4498,4605,140730621
17/03/2021 15:00:00,4566,4585,4488,4556,108319337
18/03/2021 15:00:00,4595,4654,4576,4644,89114415
19/03/2021 15:00:00,4634,4634,4556,4556,155051763
22/03/2021 15:00:00,4585,4585,4507,4517,62524888
23/03/2021 15:00:00,4605,4605,4537,4556,107192337
24/03/2021 15:00:00,4615,4615,4537,4556,112296791
25/03/2021 15:00:00,4585,4585,4468,4507,88657356
26/03/2021 15:00:00,4517,4605,4507,4605,99683510
29/03/2021 15:00:00,4663,4663,4605,4605,99524625
30/03/2021 15:00:00,4585,4585,4371,4390,200244734
31/03/2021 15:00:00,4341,4371,4156,4293,301105685
01/04/2021 15:00:00,4244,4263,4107,4185,316987632
05/04/2021 15:00:00,4215,4224,4058,4098,321972840
06/04/2021 15:00:00,4068,4127,4049,4098,155910210
07/04/2021 15:00:00,4127,4137,4058,4098,108979028
08/04/2021 15:00:00,4146,4254,4127,4244,147759942
09/04/2021 15:00:00,4273,4293,4244,4244,116735291
12/04/2021 15:00:00,4283,4283,4098,4107,107269421
13/04/2021 15:00:00,4107,4156,4019,4058,111991441
14/04/2021 15:00:00,4176,4244,4117,4244,105790217
15/04/2021 15:00:00,4283,4302,4176,4302,80389516
16/04/2021 15:00:00,4341,4351,4205,4234,69416046
19/04/2021 15:00:00,4254,4273,4205,4273,57945341
20/04/2021 15:00:00,4185,4224,4117,4205,91518980
21/04/2021 15:00:00,4137,4185,4127,4127,48411404
22/04/2021 15:00:00,4127,4156,4098,4098,110712227
23/04/2021 15:00:00,4098,4176,4088,4146,112295966
26/04/2021 15:00:00,4137,4146,4029,4039,146636834
27/04/2021 15:00:00,4098,4098,4049,4068,136121128
28/04/2021 15:00:00,4068,4117,4029,4029,117954551
29/04/2021 15:00:00,4088,4098,4039,4058,116207618
30/04/2021 15:00:00,4049,4058,3951,3951,239939735
03/05/2021 16:00:00,3961,3971,3902,3912,115764405
04/05/2021 16:00:00,3922,3971,3912,3961,78540283
05/05/2021 15:00:00,4010,4029,3980,3990,109321687
06/05/2021 15:00:00,4029,4029,3971,4010,80346658
07/05/2021 15:00:00,4039,4039,3941,3951,77674252
10/05/2021 16:00:00,3951,3990,3951,3951,75828815
11/05/2021 16:00:00,3932,3941,3883,3893,155642058
17/05/2021 15:00:00,3863,3902,3805,3805,200176474
18/05/2021 15:00:00,3863,3863,3795,3805,118598042
19/05/2021 15:00:00,3756,3844,3756,3776,126081660
20/05/2021 15:00:00,3746,3834,3727,3785,153593172
21/05/2021 15:00:00,3824,3854,3766,3795,112865463
24/05/2021 15:00:00,3873,3961,3815,3941,137153619
25/05/2021 15:00:00,3971,4039,3941,3961,157175186
27/05/2021 15:00:00,4039,4088,3854,3854,580232943
28/05/2021 15:00:00,3941,4068,3922,3971,255409305
31/05/2021 15:00:00,4029,4176,4010,4156,304272844
02/06/2021 15:00:00,4244,4273,4127,4156,290965341
03/06/2021 15:00:00,4166,4254,4117,4254,161617988
04/06/2021 15:00:00,4273,4283,4185,4234,128724556
07/06/2021 15:00:00,4234,4244,4107,4146,142339777
08/06/2021 15:00:00,4176,4176,4088,4098,101463755
09/06/2021 15:00:00,4000,4166,4000,4117,100108169
10/06/2021 15:00:00,4176,4215,4156,4195,99689860
11/06/2021 15:00:00,4244,4244,4176,4176,53867541
14/06/2021 16:00:00,4224,4244,4176,4244,124269743
15/06/2021 15:00:00,4244,4244,4107,4127,187027529
16/06/2021 15:00:00,4049,4068,3912,3912,448204367
17/06/2021 15:00:00,3883,3971,3834,3932,313325265
18/06/2021 15:00:00,3961,3961,3815,3815,303403729
21/06/2021 16:00:00,3785,3873,3766,3844,148665844
22/06/2021 15:00:00,3844,3971,3824,3941,123775279
23/06/2021 15:00:00,3951,3971,3844,3844,166563156
24/06/2021 15:00:00,3902,3912,3863,3893,51642136
25/06/2021 15:00:00,3932,3941,3893,3893,77480421
28/06/2021 16:00:00,3883,3893,3834,3834,144764249
29/06/2021 15:00:00,3766,3815,3766,3805,124818533
30/06/2021 15:00:00,3805,3873,3795,3844,115669592
01/07/2021 15:00:00,3844,3873,3815,3844,98064816
02/07/2021 15:00:00,3902,3932,3873,3893,87434725
05/07/2021 15:00:00,3834,3863,3785,3805,87093501
06/07/2021 15:00:00,3854,3854,3795,3795,56700568
07/07/2021 15:00:00,3824,3844,3717,3727,152443636
08/07/2021 15:00:00,3795,3805,3727,3776,151279000
09/07/2021 15:00:00,3766,3776,3688,3707,131023641
12/07/2021 15:00:00,3707,3727,3658,3668,122721775
13/07/2021 15:00:00,3707,3707,3668,3688,163704094
14/07/2021 15:00:00,3688,3707,3610,3619,107814919
15/07/2021 15:00:00,3658,3746,3639,3717,130319058
16/07/2021 15:00:00,3756,3766,3717,3746,100949503
19/07/2021 15:00:00,3756,3756,3688,3688,64599308
21/07/2021 15:00:00,3756,3785,3717,3727,103439353
22/07/2021 15:00:00,3776,3815,3746,3805,87443334
23/07/2021 15:00:00,3844,3854,3737,3776,89416994
26/07/2021 15:00:00,3805,3805,3727,3737,84047670
27/07/2021 15:00:00,3766,3766,3678,3707,92940575
28/07/2021 15:00:00,3707,3717,3629,3639,72473855
29/07/2021 15:00:00,3668,3746,3658,3678,95807020
30/07/2021 15:00:00,3737,3737,3619,3619,105884831
02/08/2021 15:00:00,3678,3678,3610,3649,98592898
03/08/2021 15:00:00,3649,3688,3629,3658,81871371
04/08/2021 15:00:00,3698,3756,3678,3756,85584579
05/08/2021 15:00:00,3805,3990,3805,3951,274092305
06/08/2021 15:00:00,3951,3961,3805,3834,142061278
09/08/2021 15:00:00,3844,3854,3727,3756,95421512
10/08/2021 15:00:00,3795,3795,3717,3727,87916481
12/08/2021 15:00:00,3756,3756,3707,3717,88022769
13/08/2021 15:00:00,3727,3785,3727,3776,97681871
16/08/2021 15:00:00,3776,3834,3746,3834,65304720
18/08/2021 15:00:00,3893,3990,3834,3971,230485123
19/08/2021 15:00:00,3902,3922,3766,3785,203335240
20/08/2021 15:00:00,3785,3844,3737,3834,82307513
23/08/2021 16:00:00,3883,3893,3834,3863,63487991
24/08/2021 16:00:00,3854,3863,3737,3795,140593782
25/08/2021 15:00:00,3756,3805,3756,3795,80668415
26/08/2021 15:00:00,3795,3805,3746,3776,64429564
27/08/2021 15:00:00,3795,3795,3737,3746,74078095
30/08/2021 15:00:00,3756,3844,3746,3844,119775067
31/08/2021 15:00:00,3844,3854,3776,3834,125682418
01/09/2021 15:00:00,3834,3834,3785,3795,91030153
02/09/2021 15:00:00,3766,3795,3746,3776,75702642
03/09/2021 15:00:00,3756,3834,3717,3834,153802081
06/09/2021 15:00:00,3854,3883,3756,3756,176047076
07/09/2021 15:00:00,3795,3824,3776,3815,130808196
08/09/2021 15:00:00,4158.85,4224.18,4049.98,4060.87,228087906
09/09/2021 15:00:00,3700,3770,3650,3730,306319625
10/09/2021 15:00:00,3710,3790,3670,3780,177032984
13/09/2021 15:00:00,3710,3750,3660,3700,169824984
14/09/2021 15:00:00,3720,3730,3660,3700,216363391
15/09/2021 15:00:00,3670,3670,3620,3660,263544000
16/09/2021 15:00:00,3650,3660,3610,3640,194782797
17/09/2021 15:00:00,3630,3640,3570,3610,346529125
20/09/2021 15:00:00,3590,3590,3510,3590,357971250
21/09/2021 15:00:00,3510,3580,3500,3570,410533906
22/09/2021 15:00:00,3520,3650,3520,3610,416087281
23/09/2021 15:00:00,3600,3770,3590,3770,432390781
24/09/2021 15:00:00,3790,3860,3770,3820,634549625
27/09/2021 15:00:00,3770,3800,3730,3750,380151188
28/09/2021 15:00:00,3770,3770,3690,3720,306827406
29/09/2021 15:00:00,3720,3750,3690,3740,143081797
30/09/2021 15:00:00,3760,3870,3750,3850,416099000
01/10/2021 15:00:00,3850,3920,3830,3900,359864719
04/10/2021 15:00:00,3900,4010,3890,3970,335762594
05/10/2021 15:00:00,3950,3980,3910,3930,236562703
06/10/2021 15:00:00,3920,4150,3920,4120,446708812
07/10/2021 15:00:00,4150,4170,4070,4120,264905406
08/10/2021 15:00:00,4190,4240,4130,4160,196631594
11/10/2021 15:00:00,4160,4200,4130,4180,146720094
12/10/2021 16:00:00,4180,4240,4180,4220,241196000
13/10/2021 15:00:00,4230,4300,4220,4280,264629406
14/10/2021 16:00:00,4280,4350,4230,4250,196989500
15/10/2021 16:00:00,4250,4330,4220,4320,318189594
18/10/2021 15:00:00,4350,4410,4340,4410,286829000
19/10/2021 15:00:00,4450,4450,4360,4400,161256297
21/10/2021 15:00:00,4450,4460,4320,4360,319230219
22/10/2021 15:00:00,4340,4400,4320,4400,160459297
25/10/2021 15:00:00,4330,4370,4300,4300,128240094
26/10/2021 15:00:00,4280,4370,4270,4350,108782398
27/10/2021 15:00:00,4330,4340,4260,4290,258038297
28/10/2021 15:00:00,4210,4300,4200,4240,159645203
29/10/2021 15:00:00,4300,4300,4220,4250,155011109
01/11/2021 15:00:00,4330,4330,4220,4230,102079297
02/11/2021 15:00:00,4270,4270,4210,4210,124799695
03/11/2021 15:00:00,4250,4300,4210,4290,100486305
04/11/2021 16:00:00,4330,4340,4250,4250,119591102
05/11/2021 15:00:00,4270,4270,4210,4240,74347000
08/11/2021 15:00:00,4250,4260,4220,4230,79465602
09/11/2021 15:00:00,4230,4250,4220,4250,92453203
10/11/2021 15:00:00,4230,4260,4210,4250,69475398
11/11/2021 15:00:00,4290,4300,4230,4250,149637703
12/11/2021 15:00:00,4270,4290,4210,4220,80234398
15/11/2021 15:00:00,4220,4220,4140,4160,220142297
16/11/2021 15:00:00,4120,4170,4120,4130,163555016
17/11/2021 15:00:00,4170,4200,4160,4200,126523695
18/11/2021 15:00:00,4150,4190,4140,4180,114881203
19/11/2021 15:00:00,4220,4290,4220,4280,182167703
22/11/2021 15:00:00,4310,4310,4250,4280,151514000
23/11/2021 15:00:00,4280,4280,4200,4210,104294203
24/11/2021 15:00:00,4200,4230,4190,4210,111072797
25/11/2021 15:00:00,4180,4250,4180,4220,123609398
26/11/2021 15:00:00,4190,4220,4150,4160,148652500
29/11/2021 15:00:00,4150,4190,4080,4170,164312797
30/11/2021 15:00:00,4150,4220,4090,4090,316653188
01/12/2021 16:00:00,4090,4180,4070,4080,163457906
02/12/2021 16:00:00,4060,4220,4060,4200,139281797
03/12/2021 16:00:00,4210,4220,4170,4170,93227102
06/12/2021 16:00:00,4200,4220,4110,4110,106610000
07/12/2021 16:00:00,4190,4230,4160,4230,182048000
08/12/2021 16:00:00,4250,4250,4170,4210,143230203
09/12/2021 16:00:00,4220,4220,4160,4190,90471508
10/12/2021 16:00:00,4130,4160,4130,4130,122999203
13/12/2021 16:00:00,4170,4200,4160,4160,86848898
14/12/2021 16:00:00,4150,4160,4130,4130,100110000
15/12/2021 16:00:00,4150,4230,4140,4200,124522797
16/12/2021 16:00:00,4220,4220,4120,4140,136646594
17/12/2021 16:00:00,4090,4140,4090,4110,153165406
20/12/2021 16:00:00,4070,4130,4060,4120,89198898
21/12/2021 16:00:00,4100,4120,4080,4080,109561797
22/12/2021 16:00:00,4100,4110,4050,4050,104738000
23/12/2021 16:00:00,4090,4110,4060,4100,72736797
24/12/2021 16:00:00,4100,4120,4050,4070,59795000
27/12/2021 16:00:00,4070,4110,4060,4060,65491199
28/12/2021 16:00:00,4090,4110,4070,4090,52952500
29/12/2021 16:00:00,4090,4100,4070,4080,27676500
30/12/2021 16:00:00,4080,4140,4060,4110,146989406
03/01/2022 16:00:00,4120,4190,4090,4180,90842500
04/01/2022 16:00:00,4200,4210,4160,4160,93950000
05/01/2022 16:00:00,4180,4230,4130,4210,174376400
06/01/2022 16:00:00,4240,4240,4140,4160,137280000
07/01/2022 16:00:00,4170,4200,4150,4190,101275000
10/01/2022 16:00:00,4190,4210,4180,4180,70722600
11/01/2022 16:00:00,4180,4180,4130,4150,99404900
12/01/2022 16:00:00,4170,4180,4130,4160,65907000
13/01/2022 16:00:00,4180,4190,4170,4190,103522400
14/01/2022 16:00:00,4190,4210,4160,4180,110213800
17/01/2022 16:00:00,4200,4210,4180,4210,102957100
18/01/2022 16:00:00,4240,4240,4140,4190,120275000
19/01/2022 16:00:00,4210,4210,4130,4130,109954700
20/01/2022 16:00:00,4130,4160,4110,4130,86394600
21/01/2022 16:00:00,4130,4170,4110,4170,84972500
24/01/2022 16:00:00,4140,4160,4100,4120,76709900
25/01/2022 16:00:00,4100,4110,4000,4070,185007800
26/01/2022 16:00:00,4030,4100,4030,4090,97589500
27/01/2022 16:00:00,4070,4140,4060,4140,80682900
28/01/2022 16:00:00,4170,4170,4090,4140,84812100
31/01/2022 16:00:00,4170,4170,4070,4070,78498500
02/02/2022 16:00:00,4120,4120,4060,4070,81546300
03/02/2022 16:00:00,4180,4180,4130,4130,157898800
04/02/2022 16:00:00,4170,4210,4150,4210,236602900
07/02/2022 16:00:00,4240,4410,4220,4400,468016600
08/02/2022 16:00:00,4450,4550,4400,4440,310878100
09/02/2022 16:00:00,4400,4500,4380,4450,149000100
10/02/2022 16:00:00,4500,4500,4450,4470,112521600
11/02/2022 16:00:00,4420,4450,4380,4450,103418200
14/02/2022 16:00:00,4450,4450,4380,4410,105260000
15/02/2022 16:00:00,4440,4450,4390,4430,96658500
16/02/2022 16:00:00,4470,4470,4410,4420,89636300
17/02/2022 16:00:00,4390,4410,4340,4400,118305100
18/02/2022 16:00:00,4400,4440,4370,4430,127058000
21/02/2022 16:00:00,4460,4490,4440,4490,133717300
22/02/2022 16:00:00,4440,4470,4420,4430,109060900
23/02/2022 16:00:00,4520,4520,4460,4480,160827800
24/02/2022 16:00:00,4470,4470,4370,4390,217523600
25/02/2022 16:00:00,4450,4550,4410,4550,301346400
01/03/2022 16:00:00,4850,4860,4630,4630,494657800
02/03/2022 16:00:00,4680,4690,4550,4560,186635200
04/03/2022 16:00:00,4720,4730,4610,4670,292022600
07/03/2022 16:00:00,4580,4630,4520,4520,224515800
08/03/2022 16:00:00,4500,4560,4430,4430,214870200
09/03/2022 16:00:00,4530,4590,4500,4570,191967100
10/03/2022 16:00:00,4640,4640,4510,4570,225575800
11/03/2022 16:00:00,4400,4440,4370,4400,275965300
14/03/2022 16:00:00,4440,4540,4410,4520,212052100
15/03/2022 16:00:00,4550,4640,4530,4610,357755700
16/03/2022 16:00:00,4650,4660,4610,4650,226817000
17/03/2022 16:00:00,4690,4700,4610,4650,224068000
18/03/2022 16:00:00,4700,4700,4580,4580,257863400
21/03/2022 16:00:00,4600,4630,4560,4590,118791900
22/03/2022 16:00:00,4690,4710,4640,4640,177758500
23/03/2022 16:00:00,4680,4690,4620,4650,146545100
24/03/2022 16:00:00,4640,4730,4620,4730,206271600
25/03/2022 16:00:00,4760,4760,4650,4710,137104800
28/03/2022 16:00:00,4730,4740,4670,4730,106801800
29/03/2022 16:00:00,4750,4750,4670,4690,93155100
30/03/2022 16:00:00,4740,4740,4690,4710,83364400
31/03/2022 16:00:00,4700,4750,4660,4660,158650000
01/04/2022 16:00:00,4690,4730,4630,4730,145105000
04/04/2022 16:00:00,4730,4730,4660,4700,103902000
05/04/2022 16:00:00,4730,4740,4670,4700,76154300
06/04/2022 16:00:00,4690,4690,4600,4600,111009800
07/04/2022 16:00:00,4670,4670,4620,4630,91942500
08/04/2022 16:00:00,4630,4650,4600,4610,125657900
11/04/2022 16:00:00,4600,4620,4570,4570,109861100
12/04/2022 16:00:00,4550,4610,4550,4610,96961200
13/04/2022 16:00:00,4640,4640,4590,4610,112327600
14/04/2022 16:00:00,4600,4610,4530,4540,150659600
18/04/2022 16:00:00,4550,4580,4540,4550,82795100
19/04/2022 16:00:00,4550,4600,4540,4570,148475600
20/04/2022 16:00:00,4610,4870,4600,4850,404383100
21/04/2022 16:00:00,4850,4850,4760,4800,208253300
22/04/2022 16:00:00,4750,4850,4720,4750,174349500
25/04/2022 16:00:00,4700,4850,4670,4840,235752400
26/04/2022 16:00:00,4840,4980,4830,4940,262734300
27/04/2022 16:00:00,4900,4930,4850,4850,191955100
28/04/2022 16:00:00,4870,4930,4860,4870,193821200
09/05/2022 16:00:00,4750,4760,4530,4530,561600400
10/05/2022 16:00:00,4260,4530,4260,4530,435782800
11/05/2022 16:00:00,4550,4580,4480,4490,205233800
12/05/2022 16:00:00,4490,4490,4300,4320,207373600
13/05/2022 16:00:00,4250,4360,4250,4250,336711300
17/05/2022 16:00:00,4270,4520,4270,4450,272650400
18/05/2022 16:00:00,4500,4530,4430,4450,129716500
19/05/2022 16:00:00,4350,4460,4300,4440,132614900
20/05/2022 16:00:00,4440,4490,4410,4430,122101000
23/05/2022 16:00:00,4410,4440,4320,4330,175709000
24/05/2022 16:00:00,4320,4500,4320,4460,165758600
25/05/2022 16:00:00,4430,4450,4350,4350,138961700
27/05/2022 16:00:00,4500,4540,4440,4540,209962100
30/05/2022 16:00:00,4540,4540,4390,4430,193724500
31/05/2022 16:00:00,4470,4630,4450,4630,379626500
02/06/2022 16:00:00,4540,4600,4480,4480,225697500
03/06/2022 16:00:00,4530,4570,4510,4520,117643300
06/06/2022 16:00:00,4470,4510,4400,4430,157277700
07/06/2022 16:00:00,4460,4460,4400,4400,133318000
08/06/2022 16:00:00,4400,4470,4380,4470,150604000
09/06/2022 16:00:00,4500,4520,4480,4490,161768800
10/06/2022 16:00:00,4470,4470,4360,4400,222410400
13/06/2022 16:00:00,4260,4350,4260,4340,164017200
14/06/2022 16:00:00,4300,4410,4300,4360,150381800
15/06/2022 16:00:00,4360,4450,4360,4450,160729900
16/06/2022 16:00:00,4420,4530,4410,4430,240023000
17/06/2022 16:00:00,4370,4400,4350,4370,185763100
20/06/2022 16:00:00,4400,4410,4340,4400,95058800
21/06/2022 16:00:00,4430,4430,4380,4380,103964600
22/06/2022 16:00:00,4410,4410,4310,4320,106208500
23/06/2022 16:00:00,4300,4360,4300,4310,127600700
24/06/2022 16:00:00,4320,4350,4310,4340,66083900
27/06/2022 16:00:00,4310,4330,4270,4280,152306100
28/06/2022 16:00:00,4320,4330,4280,4300,178535800
29/06/2022 16:00:00,4280,4310,4180,4180,228536100
30/06/2022 16:00:00,4120,4220,4120,4150,239939100
01/07/2022 16:00:00,4150,4200,4110,4140,154659500
04/07/2022 16:00:00,4090,4120,3960,4040,246853600
05/07/2022 16:00:00,4040,4160,4040,4090,180648400
06/07/2022 16:00:00,4050,4100,4020,4080,125309100
07/07/2022 16:00:00,4040,4110,4040,4050,172127500
08/07/2022 16:00:00,4090,4200,4050,4200,112914000
11/07/2022 16:00:00,4150,4170,4100,4120,80867700
12/07/2022 16:00:00,4120,4140,4100,4110,56085200
13/07/2022 16:00:00,4110,4130,4030,4060,165745200
14/07/2022 16:00:00,4010,4090,4010,4070,188729700
15/07/2022 16:00:00,4060,4120,4050,4110,91362800
18/07/2022 16:00:00,4110,4140,4080,4140,135284500
19/07/2022 16:00:00,4150,4150,4110,4110,122905900
20/07/2022 16:00:00,4180,4300,4160,4300,220223600
21/07/2022 16:00:00,4300,4310,4230,4310,130405400
22/07/2022 16:00:00,4330,4330,4270,4270,86561100
25/07/2022 16:00:00,4250,4300,4250,4250,60952800
26/07/2022 16:00:00,4270,4350,4260,4330,97709800
27/07/2022 16:00:00,4380,4380,4300,4320,88570800
28/07/2022 16:00:00,4340,4400,4340,4360,136421400
29/07/2022 16:00:00,4390,4430,4340,4360,228669400
01/08/2022 16:00:00,4390,4410,4330,4360,200791700
02/08/2022 16:00:00,4360,4400,4300,4400,173931000
03/08/2022 16:00:00,4410,4420,4350,4380,103412300
04/08/2022 16:00:00,4380,4390,4350,4360,120175700
05/08/2022 16:00:00,4360,4400,4320,4360,168879400
08/08/2022 16:00:00,4360,4400,4340,4370,107242600
09/08/2022 16:00:00,4400,4470,4390,4410,181747100
10/08/2022 16:00:00,4350,4370,4300,4310,205341100
11/08/2022 16:00:00,4380,4410,4340,4350,193329000
12/08/2022 16:00:00,4340,4350,4320,4320,103916700
15/08/2022 16:00:00,4330,4350,4300,4300,135099400
16/08/2022 16:00:00,4350,4350,4270,4280,205432400
18/08/2022 16:00:00,4330,4340,4310,4330,138795300
19/08/2022 16:00:00,4340,4340,4300,4300,84552100
22/08/2022 16:00:00,4320,4330,4270,4270,121124400
23/08/2022 16:00:00,4260,4310,4260,4300,107799500
24/08/2022 16:00:00,4300,4330,4280,4290,75055900
25/08/2022 16:00:00,4280,4300,4270,4270,117653800
26/08/2022 16:00:00,4280,4290,4270,4270,87375200
29/08/2022 16:00:00,4250,4270,4220,4250,88409800
30/08/2022 16:00:00,4250,4300,4250,4260,157219500
31/08/2022 16:00:00,4250,4350,4240,4340,191475700
01/09/2022 15:00:00,4320,4390,4310,4390,139929300
02/09/2022 15:00:00,4410,4450,4380,4450,220616600
05/09/2022 16:00:00,4430,4600,4420,4590,261126600
06/09/2022 16:00:00,4670,4690,4550,4560,188042700
07/09/2022 16:00:00,4510,4550,4460,4460,231936700
08/09/2022 16:00:00,4480,4620,4480,4600,250373200
09/09/2022 16:00:00,4640,4640,4570,4610,119286700
12/09/2022 16:00:00,4610,4630,4560,4560,97988000
13/09/2022 16:00:00,4560,4640,4560,4580,141828800
14/09/2022 16:00:00,4520,4610,4510,4580,149960600
15/09/2022 16:00:00,4600,4700,4590,4610,295664100
16/09/2022 16:00:00,4610,4620,4500,4500,282492200
19/09/2022 16:00:00,4520,4600,4500,4570,134432000
20/09/2022 16:00:00,4570,4600,4490,4490,138695500
21/09/2022 16:00:00,4490,4550,4470,4550,159976900
22/09/2022 16:00:00,4500,4580,4500,4560,100425300
23/09/2022 16:00:00,4540,4560,4480,4480,139074000
26/09/2022 16:00:00,4480,4540,4410,4540,280747500
27/09/2022 16:00:00,4500,4550,4480,4530,213704600
28/09/2022 16:00:00,4510,4560,4480,4520,161815300
29/09/2022 16:00:00,4520,4540,4460,4480,169368600
30/09/2022 16:00:00,4450,4510,4410,4490,224229200
03/10/2022 16:00:00,4500,4550,4480,4530,159559600
04/10/2022 16:00:00,4560,4650,4560,4640,256367100
05/10/2022 16:00:00,4660,4660,4540,4540,182246200
06/10/2022 16:00:00,4540,4570,4510,4510,123346200
07/10/2022 16:00:00,4480,4490,4430,4440,133678600
10/10/2022 16:00:00,4420,4430,4340,4370,193923600
11/10/2022 16:00:00,4390,4430,4370,4430,133742200
12/10/2022 16:00:00,4470,4470,4400,4400,128741800
13/10/2022 16:00:00,4390,4420,4350,4350,104269900
14/10/2022 16:00:00,4380,4390,4270,4270,180841100
17/10/2022 16:00:00,4270,4320,4260,4300,145506000
18/10/2022 16:00:00,4280,4340,4280,4290,161444100
19/10/2022 16:00:00,4280,4340,4280,4300,81682300
20/10/2022 16:00:00,4280,4400,4280,4390,149521700
21/10/2022 16:00:00,4360,4460,4360,4430,165052200
24/10/2022 16:00:00,4430,4540,4430,4500,186997700
25/10/2022 16:00:00,4560,4610,4550,4590,233948800
26/10/2022 16:00:00,4600,4610,4500,4530,178298500
27/10/2022 16:00:00,4550,4600,4530,4600,131385300
28/10/2022 16:00:00,4600,4630,4560,4630,227256400
31/10/2022 16:00:00,4630,4680,4630,4650,275184000
01/11/2022 15:00:00,4690,4700,4630,4660,230590200
02/11/2022 15:00:00,4680,4680,4570,4610,163816900
03/11/2022 16:00:00,4630,4660,4590,4650,174423000
04/11/2022 16:00:00,4650,4660,4610,4650,85292300
07/11/2022 16:00:00,4650,4690,4610,4690,112070500
08/11/2022 16:00:00,4690,4690,4610,4620,80916300
09/11/2022 16:00:00,4600,4650,4600,4650,126493900
10/11/2022 16:00:00,4560,4580,4520,4530,196277400
11/11/2022 16:00:00,4620,4650,4590,4650,153238500
14/11/2022 16:00:00,4620,4640,4550,4580,140187600
15/11/2022 16:00:00,4580,4610,4560,4580,87986300
16/11/2022 16:00:00,4590,4610,4490,4520,245789200
17/11/2022 16:00:00,4520,4670,4500,4670,214514600
18/11/2022 16:00:00,4670,4680,4610,4610,105313200
21/11/2022 16:00:00,4620,4630,4560,4590,82279300
22/11/2022 16:00:00,4570,4670,4570,4590,154866000
23/11/2022 16:00:00,4640,4670,4630,4670,147280600
24/11/2022 16:00:00,4700,4740,4670,4720,156735700
25/11/2022 16:00:00,4700,4750,4690,4750,177861100
28/11/2022 16:00:00,4730,4830,4730,4820,214611600
29/11/2022 16:00:00,4820,4860,4790,4850,184916300
30/11/2022 16:00:00,4810,4980,4800,4980,560639800
01/12/2022 16:00:00,5000,5025,4900,4940,267382600
02/12/2022 16:00:00,4900,4930,4860,4890,199981400
05/12/2022 16:00:00,4910,4930,4860,4890,88463000
06/12/2022 16:00:00,4860,4890,4800,4860,151325300
07/12/2022 16:00:00,4840,4840,4740,4760,253330100
08/12/2022 16:00:00,4760,4840,4710,4840,154313900
09/12/2022 16:00:00,4830,4840,4760,4800,203573100
12/12/2022 16:00:00,4800,4850,4760,4850,139582400
13/12/2022 16:00:00,4870,4980,4840,4970,194233200
14/12/2022 16:00:00,5000,5000,4870,4980,201275800
15/12/2022 16:00:00,4900,4940,4880,4910,170702300
16/12/2022 16:00:00,4820,4980,4820,4980,594601900
19/12/2022 16:00:00,4970,4980,4920,4970,82959800
20/12/2022 16:00:00,4930,4970,4890,4910,78671600
21/12/2022 16:00:00,4910,4940,4870,4890,71277800
22/12/2022 16:00:00,4910,4970,4900,4960,87321400
23/12/2022 16:00:00,4920,4940,4880,4880,53350600
26/12/2022 16:00:00,4900,4930,4890,4930,43581100
27/12/2022 16:00:00,4930,4950,4860,4870,74123800
28/12/2022 16:00:00,4870,4880,4810,4820,117912500
29/12/2022 16:00:00,4820,4870,4800,4870,106690700
30/12/2022 16:00:00,4870,4950,4870,4940,182091500
02/01/2023 16:00:00,4910,4920,4820,4870,100200100
03/01/2023 16:00:00,4830,4900,4830,4850,95136500
04/01/2023 16:00:00,4850,4850,4770,4770,188071000
05/01/2023 16:00:00,4750,4760,4570,4640,292142000
06/01/2023 16:00:00,4550,4640,4550,4620,175932000
09/01/2023 16:00:00,4580,4640,4550,4590,166164900
10/01/2023 16:00:00,4550,4570,4410,4430,282510000
11/01/2023 16:00:00,4410,4430,4360,4380,211610100
12/01/2023 16:00:00,4480,4520,4410,4500,210887800
13/01/2023 16:00:00,4510,4530,4420,4480,134592100
16/01/2023 16:00:00,4430,4530,4420,4520,172170900
17/01/2023 16:00:00,4520,4580,4510,4560,150577400
18/01/2023 16:00:00,4560,4620,4560,4600,178026000
19/01/2023 16:00:00,4590,4630,4580,4610,117204100
20/01/2023 16:00:00,4630,4670,4620,4650,116038300
24/01/2023 16:00:00,4660,4680,4590,4620,81964700
25/01/2023 16:00:00,4620,4620,4550,4560,84009300
26/01/2023 16:00:00,4560,4620,4550,4590,113840400
27/01/2023 16:00:00,4600,4680,4600,4640,178282600
30/01/2023 16:00:00,4650,4680,4570,4610,185972400
31/01/2023 16:00:00,4610,4620,4570,4580,280039200
01/02/2023 16:00:00,4630,4690,4620,4680,181849300
02/02/2023 16:00:00,4650,4680,4600,4600,145413400
03/02/2023 16:00:00,4650,4780,4630,4750,198479900
06/02/2023 16:00:00,4780,4810,4680,4740,141366300
07/02/2023 16:00:00,4740,4790,4720,4750,140923100
08/02/2023 16:00:00,4710,4790,4710,4790,168599500
09/02/2023 16:00:00,4790,4840,4770,4810,177400700
10/02/2023 16:00:00,4840,4880,4770,4860,181146600
13/02/2023 16:00:00,4900,4900,4800,4800,144569400
14/02/2023 16:00:00,4820,4870,4810,4870,120995200
15/02/2023 16:00:00,4890,4890,4810,4870,84568100
16/02/2023 16:00:00,4890,4890,4850,4870,69966200
17/02/2023 16:00:00,4890,4890,4830,4880,104019300
20/02/2023 16:00:00,4900,4900,4840,4880,88432500
21/02/2023 16:00:00,4880,4880,4820,4820,59319100
22/02/2023 16:00:00,4790,4810,4730,4760,107327900
23/02/2023 16:00:00,4810,4810,4730,4800,139144500
24/02/2023 16:00:00,4800,4840,4760,4760,46409300
27/02/2023 16:00:00,4780,4810,4760,4810,89918800
28/02/2023 16:00:00,4760,4790,4670,4670,273125500
01/03/2023 16:00:00,4730,4750,4700,4720,115578600
02/03/2023 16:00:00,4750,4780,4720,4780,59377900
03/03/2023 16:00:00,4800,4800,4730,4760,84777000
06/03/2023 16:00:00,4790,4800,4780,4790,78292000
07/03/2023 16:00:00,4770,4850,4770,4840,111953700
08/03/2023 16:00:00,4850,4850,4820,4840,125766100
09/03/2023 16:00:00,4860,4870,4810,4810,79549800
10/03/2023 16:00:00,4820,4830,4800,4820,125140500
13/03/2023 16:00:00,4810,4870,4770,4830,106769300
14/03/2023 16:00:00,4770,4790,4690,4710,192444400
15/03/2023 16:00:00,4760,4770,4700,4700,107761200
16/03/2023 16:00:00,4700,4750,4640,4730,155984500
17/03/2023 16:00:00,4770,4900,4750,4900,267753300
20/03/2023 16:00:00,4840,4880,4820,4880,113829400
21/03/2023 16:00:00,4870,4920,4840,4900,214639300
24/03/2023 16:00:00,4750,4820,4720,4770,266103900
27/03/2023 16:00:00,4750,4790,4720,4740,144925200
28/03/2023 16:00:00,4740,4780,4740,4770,105217100
29/03/2023 16:00:00,4800,4820,4770,4810,141800500
30/03/2023 16:00:00,4810,4810,4740,4750,98847200
31/03/2023 16:00:00,4730,4750,4710,4730,161561800
03/04/2023 16:00:00,4770,4800,4760,4800,133511700
04/04/2023 16:00:00,4800,4820,4760,4820,88097800
05/04/2023 16:00:00,4810,4880,4800,4830,119316500
06/04/2023 16:00:00,4860,4860,4820,4840,88012300
10/04/2023 16:00:00,4860,4860,4820,4860,58886800
11/04/2023 16:00:00,4860,4890,4830,4880,67275600
12/04/2023 16:00:00,4950,4950,4890,4930,194839900
13/04/2023 16:00:00,4950,5000,4930,4980,141279800
14/04/2023 16:00:00,5050,5100,5000,5075,190097200
17/04/2023 16:00:00,5075,5075,4960,4990,121231300
18/04/2023 16:00:00,4990,5025,4950,4950,95747700
26/04/2023 16:00:00,5150,5150,4930,5025,273336000
27/04/2023 16:00:00,4990,5150,4990,5150,125947200
28/04/2023 16:00:00,5175,5275,5100,5100,251912000
02/05/2023 16:00:00,5175,5175,5050,5150,84246100
03/05/2023 16:00:00,5225,5225,5050,5100,183524700
04/05/2023 16:00:00,5150,5175,5075,5150,140482000
05/05/2023 16:00:00,5225,5250,5125,5225,182599600
08/05/2023 16:00:00,5250,5250,5050,5100,107804200
09/05/2023 16:00:00,5050,5125,5025,5125,102987300
10/05/2023 16:00:00,5075,5150,5050,5150,108369600
11/05/2023 16:00:00,5175,5175,5100,5150,85618800
12/05/2023 16:00:00,5100,5175,5100,5150,92625800
15/05/2023 16:00:00,5150,5175,5025,5150,163732600
16/05/2023 16:00:00,5175,5200,5100,5200,73611200
17/05/2023 16:00:00,5250,5250,5175,5200,115834500
19/05/2023 16:00:00,5225,5450,5200,5400,185672200
22/05/2023 16:00:00,5300,5500,5300,5425,162655900
23/05/2023 16:00:00,5475,5600,5475,5500,255251600
24/05/2023 16:00:00,5525,5600,5450,5600,187436100
25/05/2023 16:00:00,5500,5575,5450,5475,224391900
26/05/2023 16:00:00,5425,5600,5425,5600,154003100
29/05/2023 16:00:00,5600,5625,5475,5550,125049100
30/05/2023 16:00:00,5500,5600,5500,5500,67363200
31/05/2023 16:00:00,5575,5575,5375,5575,898453700
05/06/2023 16:00:00,5600,5600,5425,5425,255472600
06/06/2023 16:00:00,5400,5500,5350,5450,92019300
07/06/2023 16:00:00,5475,5475,5350,5400,150377000
08/06/2023 16:00:00,5375,5475,5350,5475,92794100
09/06/2023 16:00:00,5425,5450,5375,5425,77251000
12/06/2023 16:00:00,5400,5400,5375,5400,92314200
13/06/2023 16:00:00,5400,5550,5400,5550,108831400
14/06/2023 16:00:00,5575,5575,5475,5550,79137600
15/06/2023 16:00:00,5475,5525,5450,5525,74388400
16/06/2023 16:00:00,5475,5550,5400,5550,189062600
19/06/2023 16:00:00,5500,5525,5450,5525,55144200
20/06/2023 16:00:00,5475,5550,5475,5550,102926800
21/06/2023 16:00:00,5500,5575,5500,5575,84605400
22/06/2023 16:00:00,5550,5600,5475,5475,94143200
23/06/2023 16:00:00,5425,5475,5400,5400,123350300
26/06/2023 16:00:00,5425,5475,5375,5450,85472100
27/06/2023 16:00:00,5450,5500,5425,5425,110716500
03/07/2023 16:00:00,5500,5550,5450,5475,168559800
04/07/2023 16:00:00,5500,5500,5425,5450,94462600
05/07/2023 16:00:00,5400,5450,5400,5450,109632800
06/07/2023 16:00:00,5450,5475,5400,5425,109446200
07/07/2023 16:00:00,5400,5425,5375,5375,114043800
10/07/2023 16:00:00,5425,5500,5400,5400,78972100
11/07/2023 16:00:00,5375,5450,5375,5425,122094700
12/07/2023 16:00:00,5450,5475,5425,5450,104993700
13/07/2023 16:00:00,5425,5475,5425,5450,134905700
14/07/2023 16:00:00,5450,5525,5425,5525,127814200
17/07/2023 16:00:00,5550,5625,5525,5575,166951300
18/07/2023 16:00:00,5625,5700,5600,5625,120810300
20/07/2023 16:00:00,5575,5650,5550,5625,111117300
21/07/2023 16:00:00,5600,5625,5575,5625,63094600
24/07/2023 16:00:00,5600,5650,5600,5600,62962500
25/07/2023 16:00:00,5625,5700,5625,5650,111248100
26/07/2023 16:00:00,5700,5700,5650,5675,76200300
27/07/2023 16:00:00,5675,5750,5650,5650,109859200
28/07/2023 16:00:00,5625,5700,5625,5700,74036700
31/07/2023 16:00:00,5700,5700,5650,5650,186727400
01/08/2023 16:00:00,5650,5750,5650,5700,100137500
02/08/2023 16:00:00,5650,5725,5650,5700,90611300
03/08/2023 16:00:00,5675,5750,5650,5700,82775000
04/08/2023 16:00:00,5700,5725,5575,5575,150738500
07/08/2023 16:00:00,5600,5725,5575,5700,88104900
08/08/2023 16:00:00,5700,5750,5600,5625,89189600
09/08/2023 16:00:00,5650,5725,5625,5700,91930000
10/08/2023 16:00:00,5675,5725,5675,5700,85474200
11/08/2023 16:00:00,5675,5700,5650,5650,74321000
14/08/2023 16:00:00,5650,5675,5575,5650,127358400
15/08/2023 16:00:00,5650,5675,5575,5575,89597300
16/08/2023 16:00:00,5550,5575,5450,5525,188191900
18/08/2023 16:00:00,5500,5600,5500,5575,121561200
21/08/2023 16:00:00,5550,5575,5500,5500,91640000
22/08/2023 16:00:00,5500,5625,5500,5575,101221500
23/08/2023 16:00:00,5600,5625,5575,5600,78686900
24/08/2023 16:00:00,5625,5625,5550,5550,74407500
25/08/2023 16:00:00,5550,5600,5525,5600,65096500
28/08/2023 16:00:00,5600,5625,5550,5550,37126600
29/08/2023 16:00:00,5525,5600,5525,5600,57547200
30/08/2023 16:00:00,5600,5600,5500,5525,171282700
31/08/2023 16:00:00,5525,5550,5475,5550,175088200
01/09/2023 16:00:00,5600,5600,5525,5575,87366100
04/09/2023 16:00:00,5600,5625,5575,5625,43898200
05/09/2023 16:00:00,5625,5650,5600,5625,72464300
06/09/2023 16:00:00,5625,5650,5575,5575,106367800
07/09/2023 16:00:00,5525,5550,5450,5450,157998600
08/09/2023 16:00:00,5425,5450,5300,5350,243324500
11/09/2023 16:00:00,5350,5425,5300,5425,80474100
12/09/2023 16:00:00,5450,5475,5375,5375,121654400
13/09/2023 16:00:00,5350,5425,5350,5400,59408000
14/09/2023 16:00:00,5325,5425,5325,5425,76831700
15/09/2023 16:00:00,5400,5450,5375,5375,141455400
18/09/2023 16:00:00,5350,5400,5300,5325,61329000
19/09/2023 16:00:00,5325,5375,5300,5375,50612700
20/09/2023 16:00:00,5350,5450,5350,5375,98710100
21/09/2023 16:00:00,5425,5425,5350,5350,68584900
22/09/2023 16:00:00,5350,5425,5350,5350,83184100
25/09/2023 16:00:00,5325,5350,5200,5300,120196700
26/09/2023 16:00:00,5250,5275,5200,5200,180280600
27/09/2023 16:00:00,5175,5300,5175,5225,119774700
29/09/2023 16:00:00,5300,5325,5225,5225,140331100
02/10/2023 16:00:00,5250,5300,5250,5250,81674600
03/10/2023 16:00:00,5250,5300,5250,5275,54462700
04/10/2023 16:00:00,5250,5275,5200,5250,109907200
05/10/2023 16:00:00,5250,5275,5175,5175,116814800
06/10/2023 16:00:00,5200,5250,5175,5175,70202300
09/10/2023 16:00:00,5200,5225,5125,5125,144477000
10/10/2023 16:00:00,5125,5250,5125,5175,98457000
11/10/2023 16:00:00,5150,5275,5150,5250,100394800
12/10/2023 16:00:00,5300,5375,5275,5300,174022400
13/10/2023 16:00:00,5275,5325,5250,5275,84648800
16/10/2023 16:00:00,5325,5325,5250,5250,45782300
17/10/2023 16:00:00,5250,5275,5150,5150,127287200
18/10/2023 16:00:00,5125,5225,5125,5150,77217600
19/10/2023 16:00:00,5100,5150,5000,5000,195831400
20/10/2023 16:00:00,4980,5100,4960,5050,173353600
23/10/2023 16:00:00,5000,5075,4990,5000,82756100
24/10/2023 16:00:00,5000,5100,4950,5100,104021500
25/10/2023 16:00:00,5100,5200,5100,5175,142215000
26/10/2023 16:00:00,5175,5175,4920,4920,330618800
27/10/2023 16:00:00,4950,5050,4940,5000,129599800
30/10/2023 16:00:00,4980,5025,4970,5000,108523700
31/10/2023 16:00:00,4980,5000,4960,4960,106760300
01/11/2023 16:00:00,4920,4960,4830,4830,191567200
02/11/2023 16:00:00,4940,5075,4910,5000,208075400
03/11/2023 16:00:00,5025,5175,5025,5100,125504000
06/11/2023 16:00:00,5100,5200,5100,5200,122333800
07/11/2023 16:00:00,5225,5275,5175,5250,137039400
08/11/2023 16:00:00,5200,5250,5175,5225,86713700
09/11/2023 16:00:00,5225,5275,5200,5200,66236400
10/11/2023 16:00:00,5150,5150,5050,5075,113811900
13/11/2023 16:00:00,5075,5125,5025,5025,63126900
14/11/2023 16:00:00,5075,5125,5050,5075,85419500
15/11/2023 16:00:00,5200,5300,5175,5250,193790400
16/11/2023 16:00:00,5275,5275,5175,5250,99488800
17/11/2023 16:00:00,5175,5250,5175,5225,70727500
20/11/2023 16:00:00,5175,5275,5175,5250,54123600
21/11/2023 16:00:00,5225,5250,5175,5200,104110500
22/11/2023 16:00:00,5175,5300,5175,5275,103585500
23/11/2023 16:00:00,5325,5400,5300,5350,174572400
24/11/2023 16:00:00,5400,5450,5375,5400,92571400
27/11/2023 16:00:00,5425,5450,5350,5350,76019100
28/11/2023 16:00:00,5325,5425,5325,5350,147993400
29/11/2023 16:00:00,5350,5375,5300,5300,106197800
30/11/2023 16:00:00,5375,5375,5275,5275,224426400
01/12/2023 16:00:00,5275,5375,5275,5350,99499500
04/12/2023 16:00:00,5450,5575,5450,5500,235595700
05/12/2023 16:00:00,5425,5500,5425,5450,114689900
06/12/2023 16:00:00,5425,5450,5400,5425,119716700
07/12/2023 16:00:00,5400,5475,5400,5475,102126600
08/12/2023 16:00:00,5425,5450,5375,5375,130542600
11/12/2023 16:00:00,5325,5375,5300,5300,124468600
12/12/2023 16:00:00,5375,5400,5325,5325,134501600
13/12/2023 16:00:00,5300,5350,5275,5300,98881600
14/12/2023 16:00:00,5450,5550,5425,5550,239261700
15/12/2023 16:00:00,5575,5600,5550,5550,252448800
18/12/2023 16:00:00,5575,5575,5500,5500,102780900
19/12/2023 16:00:00,5450,5550,5450,5550,135207300
20/12/2023 16:00:00,5700,5700,5550,5550,138470900
21/12/2023 16:00:00,5550,5600,5525,5575,99049600
22/12/2023 16:00:00,5650,5700,5600,5675,109411300
27/12/2023 16:00:00,5700,5725,5625,5625,122236700
28/12/2023 16:00:00,5700,5750,5675,5725,121434600
29/12/2023 16:00:00,5750,5750,5675,5725,93126000